# IMPORTANT: Redirect www to non-www
https://www.dragosroua.com/* https://dragosroua.com/:splat 301
http://www.dragosroua.com/* https://dragosroua.com/:splat 301

# ORPHANED PAGES REDIRECTS - To Work With Me page
# Added: October 22, 2025
# About/Contact redirects
/about/  /about-me/  301
/contact/  /about-me/  301
/contact-2/  /about-me/  301

# Book pages - redirect to /books/
/100-ways-to-screw-up-your-life-the-book/  /books/  301
/100-ways-to-improve-your-life-the-book/  /books/  301
/the-7-ages-of-an-online-business-the-book/  /books/  301
/brilliantly-better-the-ebook-the-soft-launch/  /books/  301
/free-books-pay-like/  /books/  301

# Audio downloads redirect to books
/downloads/audio/  /books/  301

# Orphaned utility/marketing pages - redirect to /work-with-me/
/1250-ideas-for-your-bucket-list/  /work-with-me/  301
/100-days-challenge/  /work-with-me/  301
/100-days-challenge-thanks/  /work-with-me/  301
/cart/  /work-with-me/  301
/checkout/  /work-with-me/  301
/pricing/  /work-with-me/  301
/black-friday-2013/  /work-with-me/  301
/december-2012-bundle/  /work-with-me/  301
/build-reputation-download/  /work-with-me/  301
/build-reputation-landing/  /work-with-me/  301
/thanks/  /work-with-me/  301
/thank-help/  /work-with-me/  301
/thank-you-for-subscribing/  /work-with-me/  301
/test/  /work-with-me/  301
/uncopyright/  /work-with-me/  301
/donate/  /work-with-me/  301
/on-living-a-better-life-screwing-up-and-everything-in-between/  /work-with-me/  301
/running-for-my-life/  /work-with-me/  301
/downloads/  /work-with-me/  301
/wordpress-plugin-blog-audit/  /work-with-me/  301
/the-first-6-months-of-blogging-writing/  /work-with-me/  301
/being-a-digital-nomad-the-workshop/  /work-with-me/  301
/lets-do-this/  /work-with-me/  301

# Top posts redirect to categories
/top-posts-total/  /categories/  301

# Hub pages redirect to categories
/financial-resilience/  /category/financial-resilience/  301
/location-independence/  /category/location-independence/  301
/meaningful-relationships/  /category/meaningful-relationships/  301

# Archive date redirects - redirect to main blog
/20[0-9][0-9]/[0-1][0-9]/  /blog/  301
/20[0-9][0-9]/[0-1][0-9]  /blog/  301

# WordPress uploads redirect (fallback for any missed cases)
/wp-content/uploads/*  https://wp.dragosroua.com/wp-content/uploads/:splat  301

# WordPress Redirects - Cleaned and Updated
# Total: 60 active redirects (removed 21 dead/outdated links)
# Generated: October 16, 2025
# Format: source  target  status_code

# APP REDIRECTS
/iadd-iphone/  /productivity-apps/  301
/iadd-iphone  /productivity-apps/  301

# HIGH TRAFFIC REDIRECTS (1000+ hits)
/77-tips-for-starting-an-online-business/  /77-business-tips-for-starting-an-online-business/  301
/33-ways-to-start-your-day/  /33-tips-for-your-morning-routine/  301
/33-tips-for-your-morning-routine/  /33-tips-to-start-your-day/  301
/100-ways-to-improve-your-blog/  /100-tips-to-improve-your-blog/  301
/assess-decide-do-natural-productivity/  https://www.addtaskmanager.com  301
/assess-decide-do-natural-productivity  https://www.addtaskmanager.com  301
/30-sentences/  /30-sentences-millionaire-mindset/  301
/training-your-focus/  /how-to-train-your-focus/  301
/gtd-identifying-your-contexts/  /gtd-contexts/  301
/100-tips-on-how-to-write-huge-list-posts/  /how-to-write-huge-list-posts/  301
/accepting-your-darkside/  /accepting-your-dark-side/  301
/add-stages-assess/  /assess-decide-do-stages-assess/  301
/aggression-recycled/  /aggressiveness-recycled/  301
/7-tips-to-help-you-procrastinate-in-a-more-productive-way/  /7-tips-to-productively-support-procrastination-habits/  301
/7-symptoms-youre-on-the-verge-of-a-burn-out/  /7-symptoms-youre-on-the-verge-of-a-burnout/  301
/add-stages-decide/  /assess-decide-do-stages-decide/  301
/add-stages-do/  /assess-decide-do-stages-do/  301
/edragonus-next-steps/  /dragos-roua-next-steps/  301
/7-things-i-learned-from-my-7-year-old-girl/  /7-things-i-learned-from-my-year-old-girl/  301
/scribe-pull-your-seo-together/  /scribe-seo-plugin-pull-your-seo-together/  301
/100-ways-live-better-life-31-clean-house/  /100-ways-live-better-life-31-clean-up-your-house/  301
/10-ways-to-live-a-better-life-46-make-peace-with-enemy/  /100-ways-live-better-life-46-make-peace-with-enemy/  301
/7-things-i-learned-from-my-year-old-girl/  /7-things-i-learned-from-my-5-year-old-girl/  301
/gtd-one-liners-under-promise-and-over-deliver/  /gtd-tips-under-promise-and-over-deliver/  301
/10-benefits-of-being-a-runner/  /10-benefits-of-running/  301
/100-ways-to-live-a-better-life-88-live-your-live-like-a-holiday/  /100-ways-live-better-life-88-live-your-live-like-a-holiday/  301
/wasting-power/  /wasted-power/  301
/hello-world/  /blog-alive-why/  301
/training-yourself-for-happiness/  /training-for-happiness/  301
/taming-monkey-number-to-done/  /taming-monkey-number-two-done/  301
/gtd-one-liners-never-have-the-same-thought-twice-unless-you-like-that-thought/  /gtd-tips-never-have-the-same-thought-twice-unless-you-like-that-thought/  301
/gtd-one-liners-renegotiate-your-commitments-constantly/  /gtd-tips-renegotiate-your-commitments-constantly/  301
/live-your-life-like-a-holiday/  /living-life-like-a-holiday/  301
/stop-solving-the-wrong-problem/  /solving-the-wrong-problem/  301

# MEDIUM TRAFFIC REDIRECTS (100-999 hits)
/gtd-one-liners-its-not-how-you-feel-about-what-youre-doing-but-about-what-youre-not-doing/  /gtd-tips-its-not-how-you-feel-about-what-youre-doing-but-about-what-youre-not-doing/  301
/dont-be-afraid-of-succes/  /dont-be-afraid-of-success/  301
/get-free-pay-like/  /free-books-pay-like/  301
/dont-be-afraid-of-your-succes/  /dont-be-afraid-of-succes/  301
/techniques-for-personal-development/  /personal-development-techniques/  301
/tools-i-use/  /digital-tools-i-use/  301
/gtd-one-liners-on-your-daily-or-weekly-review-do-one-thing-at-a-time/  /gtd-tips-on-your-daily-or-weekly-review-do-one-thing-at-a-time/  301
/100-ways-to-live-kindle  http://www.amazon.com/dp/B004SIQOOQ  301
/were-gods-really/  /we-re-gods-really/  301
/how-you-use-your-tools/  /lifehacks-how-you-use-your-tools/  301
/100-ways-live-better-life-18-train-focus/  /100-ways-live-better-life-18-train-your-focus/  301
/100-ways-live-better-life-81-reject-dont-want/  /100-ways-live-better-life-81-reject-what-you-dont-want/  301

# LOW TRAFFIC REDIRECTS (<100 hits)
/the-3-deadliest-traps-of-the-helping-people-addiction/  /the-3-deadliest-traps-of-the-helping-people-syndrome/  301
/stop-solving-the-wrong-problem  /solving-the-wrong-problem  301
/5-things-learned-studying-buddhism/  /8-things-learned-studying-buddhism/  301
/wasting-power  /wasted-power  301
/100-ways-live-better0-life-87-trust-emotions/  /100-ways-live-better0-life-87-trust-your-emotions/  301
/live-your-life-like-a-holiday  /living-life-like-a-holiday  301
/get-free-pay-like  /free-books-pay-like/  301
/maybe-you-got-some-kind-of-superpower/  /maybe-you-got-some-kind-of-superpowers/  301
/100-ways-live-better-life-63-write-thank-letter/  /100-ways-live-better-life-63-write-thank-you-letter/  301
/100-ways-live-better-life-47-make-promise-close-person-keep/  /100-ways-live-better-life-47-make-a-promise-close-person-keep/  301
/100-ways-live-better-life-40-30-days-challenge/  /100-ways-live-better-life-40-do-a-30-days-challenge/  301
/online-course/  /online-courses/  301
/100-ways-live-better-life-16-pay-first/  /100-ways-live-better-life-16-pay-yourself-first/  301
/100-ways-live-better-life-48-break-person-dont-really-like/  /100-ways-live-better-life-48-break-up-with-a-person-dont-really-like/  301